[
    {
        "uuid": "81397774-c68f-4931-bf68-0817ecaaef72",
        "origem": {
            "latitude": 32.7749,
            "longitude": -122.4194,
            "endereco": "123 Main Street, Cidade A"
        },
        "destino": {
            "latitude": 37.3352,
            "longitude": -121.8811,
            "endereco": "456 Oak Street, Cidade B"
        },
        "passageiro": {
            "cpf": "451.643.942-24",
            "nome": "Jo\u00e3o Silva",
            "telefone": "+551234567890"
        },
        "motorista": {
            "cnpj": "12.124.543.0001\/20",
            "nome": "Maria Joana Oliveira",
            "placaVeiculo": "ABC123",
            "modeloVeiculo": "Toyota Corolla"
        },
        "tipoCorrida": "taximetro",
        "precoEstimado": 20,
        "preco": 23,
        "tipoPagamento": "cartao_credito",
        "autenticacao": {
            "token_acesso": "token123",
            "chave_seguranca": "segredo456"
        },
        "horarioPico": false,
        "status": "autorizada",
        "statusDesc": "A corrida foi autorizada em 2023-12-09 01:05:02",
        "data": "2023-12-09 01:05:01"
    },
    {
        "uuid": "00f37b57-4122-4530-ba19-83fac18debfe",
        "origem": {
            "latitude": 32.7749,
            "longitude": -122.4194,
            "endereco": "123 Main Street, Cidade A"
        },
        "destino": {
            "latitude": 37.3352,
            "longitude": -121.8811,
            "endereco": "456 Oak Street, Cidade B"
        },
        "passageiro": {
            "cpf": "451.643.942-24",
            "nome": "Jo\u00e3o Silva",
            "telefone": "+551234567890"
        },
        "motorista": {
            "cnpj": "12.124.543.0001\/20",
            "nome": "Maria Joana Oliveira",
            "placaVeiculo": "ABC123",
            "modeloVeiculo": "Toyota Corolla"
        },
        "tipoCorrida": "taximetro",
        "precoEstimado": 20,
        "preco": 0,
        "tipoPagamento": "cartao_credito",
        "autenticacao": {
            "token_acesso": "token123",
            "chave_seguranca": "segredo456"
        },
        "horarioPico": false,
        "status": "cancelada",
        "statusDesc": "A corrida foi cancelada em 2023-12-09 19:13:58",
        "data": "2023-12-09 19:12:39"
    },
    {
        "uuid": "e894be4f-4dad-4170-abbe-38e2a403c3f4",
        "origem": {
            "latitude": 32.7749,
            "longitude": -122.4194,
            "endereco": "123 Main Street, Cidade A"
        },
        "destino": {
            "latitude": 37.3352,
            "longitude": -121.8811,
            "endereco": "456 Oak Street, Cidade B"
        },
        "passageiro": {
            "cpf": "451.643.942-24",
            "nome": "Jo\u00e3o Silva",
            "telefone": "+551234567890"
        },
        "motorista": {
            "cnpj": "12.124.543.0001\/20",
            "nome": "Maria Joana Oliveira",
            "placaVeiculo": "ABC123",
            "modeloVeiculo": "Toyota Corolla"
        },
        "tipoCorrida": "taximetro",
        "precoEstimado": 20,
        "preco": 23,
        "tipoPagamento": "cartao_credito",
        "autenticacao": {
            "token_acesso": "token123",
            "chave_seguranca": "segredo456"
        },
        "horarioPico": false,
        "status": "ativa",
        "statusDesc": "A corrida foi ativa em 2023-12-09 19:34:21",
        "data": "2023-12-09 19:34:21"
    }
]